{"cameraMode":{"drawMode":0,"name":"Shaded","section":"Shading Mode"},"sceneLighting":true,"audioPlay":false,"sceneViewState":{"showFog":true,"showMaterialUpdate":false,"showSkybox":true,"showFlares":true,"showImageEffects":true,"showParticleSystems":true},"in2DMode":false,"pivot":{"x":-19.1407527923584,"y":-13.984832763671875,"z":15.139060974121094},"rotation":{"x":0.07069685310125351,"y":0.03888769820332527,"z":-0.0027577856089919807,"w":0.9967408180236816},"size":16.231483459472658,"orthographic":false}