{"cameraMode":{"drawMode":0,"name":"Shaded","section":"Shading Mode"},"sceneLighting":true,"audioPlay":false,"sceneViewState":{"showFog":true,"showMaterialUpdate":false,"showSkybox":true,"showFlares":true,"showImageEffects":true,"showParticleSystems":true},"in2DMode":false,"pivot":{"x":-16.271406173706056,"y":-15.869386672973633,"z":2.1600637435913088},"rotation":{"x":0.21288590133190156,"y":0.12418729066848755,"z":-0.027290163561701776,"w":0.9687732458114624},"size":9.923107147216797,"orthographic":false}