{"cameraMode":{"drawMode":0,"name":"Shaded","section":"Shading Mode"},"sceneLighting":false,"audioPlay":false,"sceneViewState":{"showFog":true,"showMaterialUpdate":false,"showSkybox":true,"showFlares":true,"showImageEffects":true,"showParticleSystems":true},"in2DMode":false,"pivot":{"x":6.723001003265381,"y":-5.66787052154541,"z":-1.1639732122421265},"rotation":{"x":-0.11852212250232697,"y":-0.6636967658996582,"z":0.10765883326530457,"w":-0.7306731939315796},"size":3.8699710369110109,"orthographic":false}